{
  "document": {
    "date": "2005-03-29T12:15:04Z",
    "title": "Good Health Health Summary",
    "author": {
      "name": {
        "prefix": null,
        "given": [
          "Henry"
        ],
        "family": "Seven"
      },
      "address": {
        "street": [
          "21 North Ave."
        ],
        "city": "Burlington",
        "state": "MA",
        "zip": "02368",
        "country": "USA"
      },
      "phone": {
        "work": "tel:(555)555-1003"
      }
    },
    "documentation_of": [
      {
        "name": {
          "prefix": "Dr.",
          "given": [
            "Pseudo"
          ],
          "family": "Physician-1"
        },
        "phone": {
          "work": "tel:+1-301-975-3251"
        },
        "address": {
          "street": [],
          "city": null,
          "state": null,
          "zip": null,
          "country": null
        }
      },
      {
        "name": {
          "prefix": "Dr.",
          "given": [
            "Pseudo"
          ],
          "family": "Physician-3"
        },
        "phone": {
          "work": "tel:+1-301-975-3251"
        },
        "address": {
          "street": [],
          "city": null,
          "state": null,
          "zip": null,
          "country": null
        }
      }
    ],
    "location": {
      "name": null,
      "address": {
        "street": [],
        "city": null,
        "state": null,
        "zip": null,
        "country": null
      },
      "encounter_date": null
    }
  },
  "allergies": [
    {
      "date_range": {
        "start": "09/02/2009",
        "end": "01/03/2010"
      },
      "name": "drug allergy",
      "code": "416098002",
      "code_system": "2.16.840.1.113883.6.96",
      "code_system_name": "SNOMED CT",
      "status": "Active",
      "severity": "Moderate to severe",
      "reaction": {
        "name": "Hives",
        "code": "247472004",
        "code_system": "2.16.840.1.113883.6.96"
      },
      "reaction_type": {
        "name": "Adverse reaction to substance",
        "code": "282100009",
        "code_system": "2.16.840.1.113883.6.96",
        "code_system_name": "SNOMED CT"
      },
      "allergen": {
        "name": "ALLERGENIC EXTRACT, PENICILLIN",
        "code": "314422",
        "code_system": "2.16.840.1.113883.6.88",
        "code_system_name": "RxNorm"
      }
    },
    {
      "date_range": {
        "start": "09/02/2009",
        "end": "01/03/2010"
      },
      "name": "drug allergy",
      "code": "416098002",
      "code_system": "2.16.840.1.113883.6.96",
      "code_system_name": "SNOMED CT",
      "status": "Active",
      "severity": "Moderate to severe",
      "reaction": {
        "name": "Wheezing",
        "code": "56018004",
        "code_system": "2.16.840.1.113883.6.96"
      },
      "reaction_type": {
        "name": "Adverse reaction to substance",
        "code": "282100009",
        "code_system": "2.16.840.1.113883.6.96",
        "code_system_name": "SNOMED CT"
      },
      "allergen": {
        "name": "ASPIRIN",
        "code": "R16CO5Y76E",
        "code_system": "2.16.840.1.113883.4.9",
        "code_system_name": "UNII"
      }
    },
    {
      "date_range": {
        "start": "09/02/2009",
        "end": "01/03/2010"
      },
      "name": "drug allergy",
      "code": "416098002",
      "code_system": "2.16.840.1.113883.6.96",
      "code_system_name": "SNOMED CT",
      "status": "Active",
      "severity": "Moderate to severe",
      "reaction": {
        "name": "Nausea",
        "code": "73879007",
        "code_system": "2.16.840.1.113883.6.96"
      },
      "reaction_type": {
        "name": "Adverse reaction to substance",
        "code": "282100009",
        "code_system": "2.16.840.1.113883.6.96",
        "code_system_name": "SNOMED CT"
      },
      "allergen": {
        "name": "Codeine",
        "code": "Q830PW7520",
        "code_system": "2.16.840.1.113883.4.9",
        "code_system_name": "UNII"
      }
    }
  ],
  "care_plan": [
    {
      "text": null,
      "name": "Colonoscopy",
      "code": "310634005",
      "code_system": "2.16.840.1.113883.6.96",
      "code_system_name": null
    },
    {
      "text": null,
      "name": "Colonoscopy",
      "code": "310634005",
      "code_system": "2.16.840.1.113883.6.96",
      "code_system_name": null
    },
    {
      "text": null,
      "name": "encounter",
      "code": null,
      "code_system": null,
      "code_system_name": null
    },
    {
      "text": null,
      "name": "Colonoscopy",
      "code": "310634005",
      "code_system": "2.16.840.1.113883.6.96",
      "code_system_name": null
    }
  ],
  "chief_complaint": {
    "text": null
  },
  "demographics": {
    "name": {
      "prefix": "Mr.",
      "given": [
        "Adam",
        "Frankie"
      ],
      "family": "Everyman"
    },
    "dob": "11/25/1954",
    "gender": "male",
    "marital_status": "married",
    "address": {
      "street": [
        "17 Daws Rd."
      ],
      "city": "Blue Bell",
      "state": "MA",
      "zip": "02368",
      "country": "US"
    },
    "phone": {
      "home": "tel:(781)555-1212",
      "work": null,
      "mobile": null
    },
    "email": null,
    "language": "fr-CN",
    "race": "White",
    "ethnicity": "Not Hispanic or Latino",
    "religion": "Christian (non-Catholic, non-specific)",
    "birthplace": {
      "state": "MA",
      "zip": "02368",
      "country": "USA"
    },
    "guardian": {
      "name": {
        "given": [
          "Ralph"
        ],
        "family": "Relative"
      },
      "relationship": "Grandfather",
      "relationship_code": "GRFTH",
      "address": {
        "street": [
          "17 Daws Rd."
        ],
        "city": "Blue Bell",
        "state": "MA",
        "zip": "02368",
        "country": "US"
      },
      "phone": {
        "home": "tel:(781)555-1212"
      }
    },
    "provider": {
      "organization": "Good Health Clinic",
      "phone": "tel:(781)555-1212",
      "address": {
        "street": [
          "21 North Ave"
        ],
        "city": "Burlington",
        "state": "MA",
        "zip": "02368",
        "country": "USA"
      }
    }
  },
  "encounters": [
    {
      "date": "04/07/2000",
      "name": "Office consultation - 15 minutes",
      "code": "99241",
      "code_system": "2.16.840.1.113883.6.12",
      "code_system_name": "CPT",
      "code_system_version": "4",
      "findings": [
        {
          "name": "Bronchitis",
          "code": "32398004",
          "code_system": "2.16.840.1.113883.6.96"
        }
      ],
      "translation": {
        "name": "Ambulatory",
        "code": "AMB",
        "code_system": "2.16.840.1.113883.5.4",
        "code_system_name": "HL7 ActEncounterCode"
      },
      "performer": {
        "name": "General Physician",
        "code": "59058001",
        "code_system": "2.16.840.1.113883.6.96",
        "code_system_name": "SNOMED CT"
      },
      "location": {
        "street": [
          "17 Daws Rd."
        ],
        "city": "Blue Bell",
        "state": "MA",
        "zip": "02368",
        "country": "US",
        "organization": "General Acute Care Hospital"
      }
    }
  ],
  "functional_statuses": [],
  "immunizations": [
    {
      "date": "11/01/1999",
      "product": {
        "name": "Influenza virus vaccine",
        "code": "88",
        "code_system": "2.16.840.1.113883.6.59",
        "code_system_name": "CVX",
        "translation": {
          "name": "influenza, live, intranasal",
          "code": "111",
          "code_system": "2.16.840.1.113883.6.59",
          "code_system_name": "CVX"
        },
        "lot_number": null,
        "manufacturer_name": null
      },
      "dose_quantity": {
        "value": null,
        "unit": null
      },
      "route": {
        "name": "Intramuscular injection",
        "code": "IM",
        "code_system": "2.16.840.1.113883.5.112",
        "code_system_name": "RouteOfAdministration"
      },
      "instructions": "Possible flu-like symptoms for three days.",
      "education_type": {
        "name": "immunization education",
        "code": "171044003",
        "code_system": "2.16.840.1.113883.6.96"
      }
    },
    {
      "date": "12/15/1998",
      "product": {
        "name": "Influenza virus vaccine",
        "code": "88",
        "code_system": "2.16.840.1.113883.6.59",
        "code_system_name": "CVX",
        "translation": {
          "name": "influenza, live, intranasal",
          "code": "111",
          "code_system": "2.16.840.1.113883.6.59",
          "code_system_name": "CVX"
        },
        "lot_number": null,
        "manufacturer_name": null
      },
      "dose_quantity": {
        "value": null,
        "unit": null
      },
      "route": {
        "name": "Intramuscular injection",
        "code": "IM",
        "code_system": "2.16.840.1.113883.5.112",
        "code_system_name": "RouteOfAdministration"
      },
      "instructions": "Possible flu-like symptoms for three days.",
      "education_type": {
        "name": "immunization education",
        "code": "171044003",
        "code_system": "2.16.840.1.113883.6.96"
      }
    },
    {
      "date": "12/15/1998",
      "product": {
        "name": "Pneumococcal polysaccharide vaccine",
        "code": "33",
        "code_system": "2.16.840.1.113883.6.59",
        "code_system_name": "CVX",
        "translation": {
          "name": "Pneumococcal NOS",
          "code": "109",
          "code_system": "2.16.840.1.113883.6.59",
          "code_system_name": "CVX"
        },
        "lot_number": null,
        "manufacturer_name": null
      },
      "dose_quantity": {
        "value": null,
        "unit": null
      },
      "route": {
        "name": "Intramuscular injection",
        "code": "IM",
        "code_system": "2.16.840.1.113883.5.112",
        "code_system_name": "RouteOfAdministration"
      },
      "instructions": "Possible flu-like symptoms for three days.",
      "education_type": {
        "name": "immunization education",
        "code": "171044003",
        "code_system": "2.16.840.1.113883.6.96"
      }
    },
    {
      "date": "12/15/1998",
      "product": {
        "name": "Tetanus and diphtheria toxoids - preservative free",
        "code": "103",
        "code_system": "2.16.840.1.113883.6.59",
        "code_system_name": "CVX",
        "translation": {
          "name": "Tetanus and diphtheria toxoids - preservative free",
          "code": "09",
          "code_system": "2.16.840.1.113883.6.59",
          "code_system_name": "CVX"
        },
        "lot_number": null,
        "manufacturer_name": null
      },
      "dose_quantity": {
        "value": null,
        "unit": null
      },
      "route": {
        "name": "Intramuscular injection",
        "code": "IM",
        "code_system": "2.16.840.1.113883.5.112",
        "code_system_name": "RouteOfAdministration"
      },
      "instructions": "Possible flu-like symptoms for three days.",
      "education_type": {
        "name": "immunization education",
        "code": "171044003",
        "code_system": "2.16.840.1.113883.6.96"
      }
    }
  ],
  "immunization_declines": [],
  "instructions": [],
  "results": [
    {
      "name": "CBC WO DIFFERENTIAL",
      "code": "43789009",
      "code_system": "2.16.840.1.113883.6.96",
      "code_system_name": "SNOMED CT",
      "tests": [
        {
          "date": "2000-03-23T14:30:00Z",
          "name": "HGB",
          "value": 13.2,
          "unit": "g/dl",
          "code": "30313-1",
          "code_system": "2.16.840.1.113883.6.1",
          "code_system_name": "LOINC",
          "translation": {
            "name": null,
            "code": null,
            "code_system": null,
            "code_system_name": null
          },
          "reference_range": {
            "text": "M 13-18 g/dl; F 12-16 g/dl",
            "low_unit": null,
            "low_value": null,
            "high_unit": null,
            "high_value": null
          }
        },
        {
          "date": "2000-03-23T14:30:00Z",
          "name": "WBC",
          "value": 6.7,
          "unit": "10+3/ul",
          "code": "33765-9",
          "code_system": "2.16.840.1.113883.6.1",
          "code_system_name": "LOINC",
          "translation": {
            "name": null,
            "code": null,
            "code_system": null,
            "code_system_name": null
          },
          "reference_range": {
            "text": null,
            "low_unit": "10+3/ul",
            "low_value": "4.3",
            "high_unit": "10+3/ul",
            "high_value": "10.8"
          }
        },
        {
          "date": "2000-03-23T14:30:00Z",
          "name": "PLT",
          "value": 123,
          "unit": "10+3/ul",
          "code": "26515-7",
          "code_system": "2.16.840.1.113883.6.1",
          "code_system_name": "LOINC",
          "translation": {
            "name": null,
            "code": null,
            "code_system": null,
            "code_system_name": null
          },
          "reference_range": {
            "text": null,
            "low_unit": "10+3/ul",
            "low_value": "150",
            "high_unit": "10+3/ul",
            "high_value": "350"
          }
        }
      ]
    }
  ],
  "medications": [
    {
      "date_range": {
        "start": "03/01/2011",
        "end": "03/01/2012"
      },
      "text": "0.09 MG/ACTUAT inhalant solution, 2 puffs QID PRN wheezing",
      "product": {
        "name": "Albuterol 0.09 MG/ACTUAT inhalant solution",
        "text": null,
        "code": "329498",
        "code_system": "2.16.840.1.113883.6.88",
        "translation": {
          "name": "Proventil 0.09 MG/ACTUAT inhalant solution",
          "code": "573621",
          "code_system": "2.16.840.1.113883.6.88",
          "code_system_name": "RxNorm"
        }
      },
      "dose_quantity": {
        "value": "1",
        "unit": null
      },
      "rate_quantity": {
        "value": "90",
        "unit": "ml/min"
      },
      "precondition": {
        "name": "Wheezing",
        "code": "56018004",
        "code_system": "2.16.840.1.113883.6.96"
      },
      "reason": {
        "name": "Bronchitis",
        "code": "32398004",
        "code_system": "2.16.840.1.113883.6.96"
      },
      "route": {
        "name": "RESPIRATORY (INHALATION)",
        "code": "C38216",
        "code_system": "2.16.840.1.113883.3.26.1.1",
        "code_system_name": "NCI Thesaurus"
      },
      "schedule": {
        "type": "frequency",
        "period_value": "6",
        "period_unit": "h"
      },
      "vehicle": {
        "name": "Diethylene Glycol",
        "code": "5955009",
        "code_system": "2.16.840.1.113883.6.96",
        "code_system_name": "SNOMED CT"
      },
      "administration": {
        "name": "INHALANT",
        "code": "C42944",
        "code_system": "2.16.840.1.113883.3.26.1.1",
        "code_system_name": "NCI Thesaurus"
      },
      "prescriber": {
        "organization": "Good Health Clinic",
        "person": null
      }
    }
  ],
  "problems": [
    {
      "date_range": {
        "start": "03/01/1998",
        "end": "01/03/2011"
      },
      "name": "Pneumonia",
      "status": "Active",
      "age": 57,
      "code": "233604007",
      "code_system": "2.16.840.1.113883.6.96",
      "code_system_name": null,
      "translation": {
        "name": null,
        "code": null,
        "code_system": null,
        "code_system_name": null
      },
      "comment": null
    }
  ],
  "procedures": [
    {
      "date": "02/15/2011",
      "name": "Colonic polypectomy",
      "code": "274025005",
      "code_system": "2.16.840.1.113883.6.96",
      "specimen": {
        "name": "colonic polyp sample",
        "code": "309226005",
        "code_system": "2.16.840.1.113883.6.96"
      },
      "performer": {
        "street": [
          "17 Daws Rd."
        ],
        "city": "Blue Bell",
        "state": "MA",
        "zip": "02368",
        "country": "US",
        "organization": null,
        "phone": null
      },
      "device": {
        "name": "Colonoscope",
        "code": "90412006",
        "code_system": "2.16.840.1.113883.6.96"
      }
    },
    {
      "date": "02/03/2011",
      "name": "Colonic polypectomy",
      "code": "274025005",
      "code_system": "2.16.840.1.113883.6.96",
      "specimen": {
        "name": null,
        "code": null,
        "code_system": null
      },
      "performer": {
        "street": [
          "17 Daws Rd."
        ],
        "city": "Blue Bell",
        "state": "MA",
        "zip": "02368",
        "country": "US",
        "organization": null,
        "phone": null
      },
      "device": {
        "name": null,
        "code": null,
        "code_system": null
      }
    },
    {
      "date": "02/03/2011",
      "name": "Colonic polypectomy",
      "code": "274025005",
      "code_system": "2.16.840.1.113883.6.96",
      "specimen": {
        "name": null,
        "code": null,
        "code_system": null
      },
      "performer": {
        "street": [
          "17 Daws Rd."
        ],
        "city": "Blue Bell",
        "state": "MA",
        "zip": "02368",
        "country": "US",
        "organization": null,
        "phone": null
      },
      "device": {
        "name": null,
        "code": null,
        "code_system": null
      }
    }
  ],
  "smoking_status": {
    "date": null,
    "name": null,
    "code": null,
    "code_system": null,
    "code_system_name": null
  },
  "vitals": [
    {
      "date": "11/14/1999",
      "results": [
        {
          "name": "Height",
          "code": "8302-2",
          "code_system": "2.16.840.1.113883.6.1",
          "code_system_name": "LOINC",
          "value": 177,
          "unit": "cm"
        },
        {
          "name": "Patient Body Weight - Measured",
          "code": "3141-9",
          "code_system": "2.16.840.1.113883.6.1",
          "code_system_name": "LOINC",
          "value": 86,
          "unit": "kg"
        },
        {
          "name": "Intravascular Systolic",
          "code": "8480-6",
          "code_system": "2.16.840.1.113883.6.1",
          "code_system_name": "LOINC",
          "value": 132,
          "unit": "mm[Hg]"
        }
      ]
    },
    {
      "date": "04/07/2000",
      "results": [
        {
          "name": "Height",
          "code": "8302-2",
          "code_system": "2.16.840.1.113883.6.1",
          "code_system_name": "LOINC",
          "value": 177,
          "unit": "cm"
        },
        {
          "name": "Patient Body Weight - Measured",
          "code": "3141-9",
          "code_system": "2.16.840.1.113883.6.1",
          "code_system_name": "LOINC",
          "value": 88,
          "unit": "kg"
        },
        {
          "name": "Intravascular Systolic",
          "code": "8480-6",
          "code_system": "2.16.840.1.113883.6.1",
          "code_system_name": "LOINC",
          "value": 145,
          "unit": "mm[Hg]"
        }
      ]
    }
  ]
}