{
  "document": {
    "date": "08/06/2012",
    "title": "Get Well Clinic: Health Summary",
    "author": {
      "name": {
        "prefix": null,
        "given": [
          "Henry"
        ],
        "family": "Seven"
      },
      "address": {
        "street": [
          "1002 Healthcare Drive "
        ],
        "city": "Portland",
        "state": "OR",
        "zip": "97266",
        "country": "US"
      },
      "phone": {
        "work": "tel:555-555-1002"
      }
    },
    "documentation_of": [
      {
        "name": {
          "prefix": "Dr.",
          "given": [
            "Henry"
          ],
          "family": "Seven"
        },
        "phone": {
          "work": "tel:+1-555-555-5000"
        },
        "address": {
          "street": [
            "1002 Healthcare Dr"
          ],
          "city": "Portland",
          "state": "OR",
          "zip": "97266",
          "country": "US"
        }
      }
    ],
    "location": {
      "name": null,
      "address": {
        "street": [],
        "city": null,
        "state": null,
        "zip": null,
        "country": null
      },
      "encounter_date": null
    }
  },
  "allergies": [
    {
      "date_range": {
        "start": "05/01/2007",
        "end": "08/06/2012"
      },
      "name": null,
      "code": "ASSERTION",
      "code_system": "2.16.840.1.113883.5.4",
      "code_system_name": null,
      "status": "Inactive",
      "severity": "Moderate to severe",
      "reaction": {
        "name": "Hives",
        "code": "247472004",
        "code_system": "2.16.840.1.113883.6.96"
      },
      "reaction_type": {
        "name": "Propensity to adverse reaction to drug",
        "code": "419511003",
        "code_system": "2.16.840.1.113883.6.96",
        "code_system_name": "SNOMED CT"
      },
      "allergen": {
        "name": "Penicillin G benzathine",
        "code": "7982",
        "code_system": "2.16.840.1.113883.6.88",
        "code_system_name": "RxNorm"
      }
    },
    {
      "date_range": {
        "start": "05/01/2006",
        "end": "08/06/2012"
      },
      "name": null,
      "code": "ASSERTION",
      "code_system": "2.16.840.1.113883.5.4",
      "code_system_name": null,
      "status": "Active",
      "severity": "Moderate",
      "reaction": {
        "name": "Shortness of Breath",
        "code": "267036007",
        "code_system": "2.16.840.1.113883.6.96"
      },
      "reaction_type": {
        "name": "Propensity to adverse reaction to drug",
        "code": "419511003",
        "code_system": "2.16.840.1.113883.6.96",
        "code_system_name": "SNOMED CT"
      },
      "allergen": {
        "name": "Codeine",
        "code": "2670",
        "code_system": "2.16.840.1.113883.6.88",
        "code_system_name": "RxNorm"
      }
    },
    {
      "date_range": {
        "start": "05/01/2008",
        "end": "08/06/2012"
      },
      "name": null,
      "code": "ASSERTION",
      "code_system": "2.16.840.1.113883.5.4",
      "code_system_name": null,
      "status": "Active",
      "severity": "Mild to moderate",
      "reaction": {
        "name": "Hives",
        "code": "247472004",
        "code_system": "2.16.840.1.113883.6.96"
      },
      "reaction_type": {
        "name": "Propensity to adverse reaction to drug",
        "code": "419511003",
        "code_system": "2.16.840.1.113883.6.96",
        "code_system_name": "SNOMED CT"
      },
      "allergen": {
        "name": "Aspirin",
        "code": "1191",
        "code_system": "2.16.840.1.113883.6.88",
        "code_system_name": "RxNorm"
      }
    }
  ],
  "care_plan": [
    {
      "text": "Admit Yourself to Community Health and Hospitals for Pnuemonia",
      "name": "instruction",
      "code": "409073007",
      "code_system": "2.16.840.1.113883.6.96",
      "code_system_name": null
    }
  ],
  "chief_complaint": {
    "text": null
  },
  "demographics": {
    "name": {
      "prefix": null,
      "given": [
        "Isabella",
        "Isa"
      ],
      "family": "Jones"
    },
    "dob": "05/01/1947",
    "gender": "female",
    "marital_status": "married",
    "address": {
      "street": [
        "1357 Amber Drive"
      ],
      "city": "Beaverton",
      "state": "OR",
      "zip": "97006",
      "country": "US"
    },
    "phone": {
      "home": "tel:(816)276-6909",
      "work": null,
      "mobile": null
    },
    "email": null,
    "language": "eng",
    "race": "White",
    "ethnicity": "Not Hispanic or Latino",
    "religion": "Christian (non-Catholic, non-specific)",
    "birthplace": {
      "state": "OR",
      "zip": "97006",
      "country": "US"
    },
    "guardian": {
      "name": {
        "given": [
          "Ralph"
        ],
        "family": "Jones"
      },
      "relationship": "Grandfather",
      "relationship_code": "GPARNT",
      "address": {
        "street": [
          "1357 Amber Drive"
        ],
        "city": "Beaverton",
        "state": "OR",
        "zip": "97006",
        "country": "US"
      },
      "phone": {
        "home": "tel:(816)276-6909"
      }
    },
    "provider": {
      "organization": "Get Well Clinic",
      "phone": "tel: 555-555-5000",
      "address": {
        "street": [
          "1002 Healthcare Dr"
        ],
        "city": "Portland",
        "state": "OR",
        "zip": "97266",
        "country": "US"
      }
    }
  },
  "encounters": [
    {
      "date": "08/06/2012",
      "name": "Outpatient Visit",
      "code": "99212",
      "code_system": "2.16.840.1.113883.6.12",
      "code_system_name": "CPT",
      "code_system_version": "4",
      "findings": [
        {
          "name": "Pneumonia",
          "code": "233604007",
          "code_system": "2.16.840.1.113883.6.96"
        },
        {
          "name": "Pneumonia",
          "code": "233604007",
          "code_system": "2.16.840.1.113883.6.96"
        },
        {
          "name": "Pneumonia",
          "code": "233604007",
          "code_system": "2.16.840.1.113883.6.96"
        }
      ],
      "translation": {
        "name": null,
        "code": null,
        "code_system": null,
        "code_system_name": null
      },
      "performer": {
        "name": "General Physician",
        "code": "59058001",
        "code_system": "2.16.840.1.113883.6.96",
        "code_system_name": "SNOMED CT"
      },
      "location": {
        "street": [
          "1002 Healthcare Dr"
        ],
        "city": "Portland",
        "state": "OR",
        "zip": "97266",
        "country": "US",
        "organization": "Family Medicine Clinic"
      }
    }
  ],
  "functional_statuses": [
    {
      "date": "08/06/2012",
      "name": "Dependence on Cane",
      "code": "105504002",
      "code_system": "2.16.840.1.113883.6.96",
      "code_system_name": null
    },
    {
      "date": "08/06/2012",
      "name": "Memory Impairment",
      "code": "386807006",
      "code_system": "2.16.840.1.113883.6.96",
      "code_system_name": null
    },
    {
      "date": "08/06/2012",
      "name": "Amnesia",
      "code": "48167000",
      "code_system": "2.16.840.1.113883.6.96",
      "code_system_name": null
    }
  ],
  "immunizations": [
    {
      "date": "05/10/2012",
      "product": {
        "name": "Influenza virus vaccine",
        "code": "88",
        "code_system": "2.16.840.1.113883.6.59",
        "code_system_name": "CVX",
        "translation": {
          "name": "influenza, live, intranasal",
          "code": "111",
          "code_system": "2.16.840.1.113883.6.59",
          "code_system_name": "CVX"
        },
        "lot_number": null,
        "manufacturer_name": "Health LS - Immuno Inc."
      },
      "dose_quantity": {
        "value": "50",
        "unit": "mcg"
      },
      "route": {
        "name": "Intramuscular injection",
        "code": "C28161",
        "code_system": "2.16.840.1.113883.3.26.1.1",
        "code_system_name": "National Cancer Institute (NCI) Thesaurus"
      },
      "instructions": "Possible flu-like symptoms for three days.",
      "education_type": {
        "name": "immunization education",
        "code": "171044003",
        "code_system": "2.16.840.1.113883.6.96"
      }
    },
    {
      "date": "04/01/2012",
      "product": {
        "name": "Tetanus and diphtheria toxoids - preservative free",
        "code": "103",
        "code_system": "2.16.840.1.113883.6.59",
        "code_system_name": "CVX",
        "translation": {
          "name": "Tetanus and diphtheria toxoids - preservative free",
          "code": "09",
          "code_system": "2.16.840.1.113883.6.59",
          "code_system_name": "CVX"
        },
        "lot_number": null,
        "manufacturer_name": "Health LS - Immuno Inc."
      },
      "dose_quantity": {
        "value": "50",
        "unit": "mcg"
      },
      "route": {
        "name": "Intramuscular injection",
        "code": "C28161",
        "code_system": "2.16.840.1.113883.3.26.1.1",
        "code_system_name": "National Cancer Institute (NCI) Thesaurus"
      },
      "instructions": "Possible flu-like symptoms for three days.",
      "education_type": {
        "name": "immunization education",
        "code": "171044003",
        "code_system": "2.16.840.1.113883.6.96"
      }
    }
  ],
  "immunization_declines": [],
  "instructions": [],
  "results": [
    {
      "name": "CBC WO DIFFERENTIAL",
      "code": "43789009",
      "code_system": "2.16.840.1.113883.6.96",
      "code_system_name": "SNOMED CT",
      "tests": [
        {
          "date": "08/10/2012",
          "name": "HGB",
          "value": 10.2,
          "unit": "g/dl",
          "code": "30313-1",
          "code_system": "2.16.840.1.113883.6.1",
          "code_system_name": "LOINC",
          "translation": {
            "name": null,
            "code": null,
            "code_system": null,
            "code_system_name": null
          },
          "reference_range": {
            "text": "M 13-18 g/dl; F 12-16 g/dl",
            "low_unit": null,
            "low_value": null,
            "high_unit": null,
            "high_value": null
          }
        },
        {
          "date": "08/10/2012",
          "name": "WBC",
          "value": 12.3,
          "unit": "10+3/ul",
          "code": "33765-9",
          "code_system": "2.16.840.1.113883.6.1",
          "code_system_name": "LOINC",
          "translation": {
            "name": null,
            "code": null,
            "code_system": null,
            "code_system_name": null
          },
          "reference_range": {
            "text": null,
            "low_unit": "10+3/ul",
            "low_value": "4.3",
            "high_unit": "10+3/ul",
            "high_value": "10.8"
          }
        },
        {
          "date": "08/10/2012",
          "name": "PLT",
          "value": 123,
          "unit": "10+3/ul",
          "code": "26515-7",
          "code_system": "2.16.840.1.113883.6.1",
          "code_system_name": "LOINC",
          "translation": {
            "name": null,
            "code": null,
            "code_system": null,
            "code_system_name": null
          },
          "reference_range": {
            "text": null,
            "low_unit": "10+3/ul",
            "low_value": "150",
            "high_unit": "10+3/ul",
            "high_value": "350"
          }
        }
      ]
    }
  ],
  "medications": [
    {
      "date_range": {
        "start": null,
        "end": "08/06/2012"
      },
      "text": "0.09 MG/ACTUAT inhalant solution, 2 puffs",
      "product": {
        "name": "Albuterol 0.09 MG/ACTUAT inhalant solution",
        "text": "Albuterol 0.09 MG/ACTUAT inhalant solution",
        "code": "573621",
        "code_system": "2.16.840.1.113883.6.88",
        "translation": {
          "name": "Proventil 0.09 MG/ACTUAT inhalant solution",
          "code": "573621",
          "code_system": "2.16.840.1.113883.6.88",
          "code_system_name": "RxNorm"
        }
      },
      "dose_quantity": {
        "value": "0.09",
        "unit": "mg/actuat"
      },
      "rate_quantity": {
        "value": "90",
        "unit": "ml/min"
      },
      "precondition": {
        "name": "Wheezing",
        "code": "56018004",
        "code_system": "2.16.840.1.113883.6.96"
      },
      "reason": {
        "name": "Pneumonia",
        "code": "233604007",
        "code_system": "2.16.840.1.113883.6.96"
      },
      "route": {
        "name": "RESPIRATORY (INHALATION)",
        "code": "C38216",
        "code_system": "2.16.840.1.113883.3.26.1.1",
        "code_system_name": "NCI Thesaurus"
      },
      "schedule": {
        "type": "frequency",
        "period_value": "12",
        "period_unit": "h"
      },
      "vehicle": {
        "name": "Aerosol",
        "code": "324049",
        "code_system": "2.16.840.1.113883.6.88",
        "code_system_name": "RxNorm"
      },
      "administration": {
        "name": "INHALANT",
        "code": "C42944",
        "code_system": "2.16.840.1.113883.3.26.1.1",
        "code_system_name": "NCI Thesaurus"
      },
      "prescriber": {
        "organization": "Get Well Clinic",
        "person": null
      }
    }
  ],
  "problems": [
    {
      "date_range": {
        "start": "08/06/2012",
        "end": "08/06/2012"
      },
      "name": "Pneumonia",
      "status": "Active",
      "age": 65,
      "code": "233604007",
      "code_system": "2.16.840.1.113883.6.96",
      "code_system_name": null,
      "translation": {
        "name": null,
        "code": null,
        "code_system": null,
        "code_system_name": null
      },
      "comment": null
    },
    {
      "date_range": {
        "start": "01/03/2007",
        "end": "08/06/2012"
      },
      "name": "Asthma",
      "status": "Active",
      "age": 60,
      "code": "195967001",
      "code_system": "2.16.840.1.113883.6.96",
      "code_system_name": null,
      "translation": {
        "name": null,
        "code": null,
        "code_system": null,
        "code_system_name": null
      },
      "comment": null
    }
  ],
  "procedures": [
    {
      "date": "08/06/2012",
      "name": "Chest X-Ray",
      "code": "168731009",
      "code_system": "2.16.840.1.113883.6.96",
      "specimen": {
        "name": null,
        "code": null,
        "code_system": null
      },
      "performer": {
        "street": [
          "1002 Healthcare Dr"
        ],
        "city": "Portland",
        "state": "OR",
        "zip": "97266",
        "country": "US",
        "organization": null,
        "phone": null
      },
      "device": {
        "name": null,
        "code": null,
        "code_system": null
      }
    }
  ],
  "smoking_status": {
    "date": null,
    "name": "Former smoker",
    "code": "8517006",
    "code_system": "2.16.840.1.113883.6.96",
    "code_system_name": null
  },
  "vitals": [
    {
      "date": "11/01/2011",
      "results": [
        {
          "name": "Height",
          "code": "8302-2",
          "code_system": "2.16.840.1.113883.6.1",
          "code_system_name": "LOINC",
          "value": 69,
          "unit": "in"
        },
        {
          "name": "Patient Body Weight - Measured",
          "code": "3141-9",
          "code_system": "2.16.840.1.113883.6.1",
          "code_system_name": "LOINC",
          "value": 189,
          "unit": "lbs"
        },
        {
          "name": "Intravascular Systolic",
          "code": "8480-6",
          "code_system": "2.16.840.1.113883.6.1",
          "code_system_name": "LOINC",
          "value": 132,
          "unit": "mm[Hg]"
        }
      ]
    },
    {
      "date": "08/06/2012",
      "results": [
        {
          "name": "Height",
          "code": "8302-2",
          "code_system": "2.16.840.1.113883.6.1",
          "code_system_name": "LOINC",
          "value": 69,
          "unit": "in"
        },
        {
          "name": "Patient Body Weight - Measured",
          "code": "3141-9",
          "code_system": "2.16.840.1.113883.6.1",
          "code_system_name": "LOINC",
          "value": 194,
          "unit": "lbs"
        },
        {
          "name": "Intravascular Systolic",
          "code": "8480-6",
          "code_system": "2.16.840.1.113883.6.1",
          "code_system_name": "LOINC",
          "value": 145,
          "unit": "mm[Hg]"
        }
      ]
    }
  ]
}